No,shortkey,mainkey,Kode KPPN,Kode BA,Kode Satker,Uraian Satker,Keterangan,Revisi DIPA,Deviasi Halaman III DIPA,Penyerapan Anggaran,Belanja Kontraktual,Penyelesaian Tagihan,Pengelolaan UP dan TUP,Capaian Output,Nilai Total,Konversi Bobot,Dispensasi SPM (Pengurang),Nilai Akhir (Nilai Total/Konversi Bobot),PIC
1,A692822137,A120137692822,120,137,692822,KANTOR IMIGRASI KELAS II TPI BAGAN SIAPIAPI,Nilai,100,100,100,0,100,100,100,90,90%,0,100,I A
2,A692484137,A120137692484,120,137,692484,RUTAN KELAS II B DUMAI,Nilai,100,100,100,100,100,100,100,100,100%,0,100,I A
3,A411121015,A120015411121,120,015,411121,KANTOR PENGAWASAN DAN PELAYANAN BC BENGKALIS,Nilai,100,100,100,100,100,100,100,100,100%,0,100,I D
4,A410552015,A120015410552,120,015,410552,KANTOR PELAYANAN PAJAK PRATAMA DUMAI,Nilai,100,100,100,0,0,100,100,80,80%,0,100,I D
5,A692309137,A120137692309,120,137,692309,LAPAS KELAS II A BENGKALIS,Nilai,100,100,100,100,100,"99,99",100,100,100%,0,100,I A
6,A686501115,A120115686501,120,115,686501,SEKRETARIAT BAWASLU KOTA DUMAI,Nilai,100,100,100,0,0,100,100,80,80%,0,100,I D
7,A091323060,A120060091323,120,060,091323,POLRES KEPULAUAN MERANTI,Nilai,100,100,100,100,100,100,100,100,100%,0,100,I D
8,A682431054,A120054682431,120,054,682431,BADAN PUSAT STATISTIK KABUPATEN KEPULAUAN MERANTI,Nilai,100,100,100,100,100,100,100,100,100%,0,100,I D
9,A674369025,A120025674369,120,025,674369,MADRASAH TSANAWIYAH NEGERI 2 DUMAI KOTA DUMAI,Nilai,100,100,100,0,0,100,100,80,80%,0,100,I A
10,A650697060,A120060650697,120,060,650697,POLRES BENGKALIS,Nilai,100,100,100,0,0,"99,96",100,80,80%,0,100,I D
11,A640977060,A120060640977,120,060,640977,POLRES DUMAI,Nilai,100,100,100,100,100,100,100,100,100%,0,100,I D
12,A637059054,A120054637059,120,054,637059,BADAN PUSAT STATISTIK KOTA DUMAI,Nilai,100,100,100,100,100,100,100,100,100%,0,100,I D
13,A553015025,A120025553015,120,025,553015,MADRASAH TSANAWIYAH NEGERI 1 KEPULAUAN MERANTI KAB. KEPULAUAN MERANTI,Nilai,100,100,100,0,0,100,100,80,80%,0,100,I A
14,A537408025,A120025537408,120,025,537408,MADRASAH ALIYAH NEGERI 1 KEPULAUAN MERANTI KAB. KEPULAUAN MERANTI,Nilai,100,100,100,0,0,100,100,80,80%,0,100,I A
15,A428094054,A120054428094,120,054,428094,BADAN PUSAT STATISTIK KAB. BENGKALIS,Nilai,100,100,100,100,100,100,100,100,100%,0,100,I D
16,A603358025,A120025603358,120,025,603358,MADRASAH TSANAWIYAH NEGERI 2 KEPULAUAN MERANTI KAB. KEPULAUAN MERANTI,Nilai,100,100,100,0,0,"99,95",100,80,80%,0,"99,99",I A
17,A420029025,A120025420029,120,025,420029,MADRASAH ALIYAH NEGERI 2 KEPULAUAN MERANTI,Nilai,100,100,100,0,0,"99,88",100,"79,99",80%,0,"99,99",I A
18,A637021054,A120054637021,120,054,637021,BADAN PUSAT STATISTIK KAB. ROKAN HILIR,Nilai,100,100,100,100,100,"98,15",100,"99,82",100%,0,"99,82",I D
19,A527872015,A120015527872,120,015,527872,KANTOR PELAYANAN PERBENDAHARAAN NEGARA DUMAI,Nilai,100,100,100,0,0,"98,5",100,"79,85",80%,0,"99,81",I D
20,A402622005,A120005402622,120,005,402622,PENGADILAN AGAMA DUMAI,Nilai,100,100,"99,47",100,100,"98,01",100,"99,7",100%,0,"99,7",I B
21,A420022025,A120025420022,120,025,420022,MADRASAH TSANAWIYAH NEGERI 5 BENGKALIS,Nilai,100,100,100,0,0,"96,67",100,"79,67",80%,0,"99,58",I A
22,A477262005,A120005477262,120,005,477262,PENGADILAN NEGERI ROKAN HILIR,Nilai,100,100,100,0,0,"96,25",100,"79,63",80%,0,"99,53",I B
23,A692315137,A120137692315,120,137,692315,LAPAS KELAS II B SELAT PANJANG,Nilai,100,"94,83",100,100,100,"99,96",100,"99,22",100%,0,"99,22",I A
24,A420021025,A120025420021,120,025,420021,MADRASAH TSANAWIYAH NEGERI 4 BENGKALIS,Nilai,100,100,100,0,0,"92,45",100,"79,25",80%,0,"99,06",I A
25,A098853005,A120005098853,120,005,098853,PENGADILAN NEGERI BENGKALIS,Nilai,100,"93,19",100,100,100,100,100,"98,98",100%,0,"98,98",I B
26,A650719060,A120060650719,120,060,650719,POLRES ROKAN HILIR,Nilai,100,"93,1",100,100,100,100,100,"98,97",100%,0,"98,97",I D
27,A635947015,A120015635947,120,015,635947,KANTOR PELAYANAN PAJAK PRATAMA BENGKALIS,Nilai,100,"92,36",100,100,100,100,100,"98,85",100%,0,"98,85",I D
28,A402133005,A120005402133,120,005,402133,PENGADILAN AGAMA SELAT PANJANG,Nilai,100,"94,82",100,0,0,"97,37",100,"78,96",80%,0,"98,7",I B
29,A006838006,A120006006838,120,006,006838,KEJAKSAAN NEGERI BENGKALIS,Nilai,100,"90,23","99,91",100,100,"99,96",100,"98,51",100%,0,"98,51",I C
30,A506461015,A120015506461,120,015,506461,KANTOR PELAYANAN KEKAYAAN NEGARA DAN LELANG DUMAI,Nilai,100,"93,35","98,72",0,0,"99,99",100,"78,75",80%,0,"98,43",I D
31,A477261005,A120005477261,120,005,477261,PENGADILAN NEGERI ROKAN HILIR,Nilai,100,"93,61","97,63",0,100,100,100,"88,57",90%,0,"98,41",I B
32,A574260025,A120025574260,120,025,574260,MADRASAH TSANAWIYAH NEGERI 3 BENGKALIS,Nilai,100,"93,42",100,0,0,"95,52",100,"78,57",80%,0,"98,21",I A
33,A413225022,A120022413225,120,022,413225,DISTRIK NAVIGASI D U M A I,Nilai,100,"88,69",100,100,100,"98,14",100,"98,12",100%,0,"98,12",I C
34,A415752024,A120024415752,120,024,415752,BALAI KEKARANTINAAN KESEHATAN KELAS I DUMAI,Nilai,100,"93,84",100,92,100,"97,01",100,"97,98",100%,0,"97,98",I C
35,A662042025,A120025662042,120,025,662042,MADRASAH ALIYAH NEGERI 2 BENGKALIS KAB. BENGKALIS,Nilai,100,"90,42",100,0,0,"97,87",100,"78,35",80%,0,"97,94",I A
36,A402132005,A120005402132,120,005,402132,PENGADILAN AGAMA SELAT PANJANG,Nilai,100,"92,51","97,53",0,0,"98,08",100,"78,19",80%,0,"97,74",I B
37,A554511025,A120025554511,120,025,554511,MADRASAH ALIYAH NEGERI 1 DUMAI KOTA DUMAI,Nilai,100,"89,83",100,0,0,"96,86",100,"78,16",80%,0,"97,7",I A
38,A403875032,A120032403875,120,032,403875,POLITEKNIK KELAUTAN DAN PERIKANAN DUMAI (POLTEK KP DUMAI),Nilai,100,"91,62","98,54",0,0,"97,12",100,"78,16",80%,0,"97,7",I B
39,A402117005,A120005402117,120,005,402117,PENGADILAN AGAMA BENGKALIS,Nilai,100,"89,41",100,0,0,"96,65",100,"78,08",80%,0,"97,6",I B
40,A006870006,A120006006870,120,006,006870,KEJAKSAAN NEGERI DUMAI,Nilai,100,"83,06","99,05",100,100,100,100,"97,27",100%,0,"97,27",I C
41,A099215005,A120005099215,120,005,099215,PENGADILAN NEGERI BENGKALIS,Nilai,100,"86,98",100,0,0,"96,03",100,"77,65",80%,0,"97,06",I B
42,A289534022,A120022289534,120,022,289534,KANTOR KESYAHBANDARAN DAN OTORITAS PELABUHAN TANJUNG BUTON,Nilai,100,"87,14","98,79",100,100,"99,33",100,"97,76",100%,1,"96,76",I C
43,A402623005,A120005402623,120,005,402623,PENGADILAN AGAMA DUMAI,Nilai,100,"84,31",100,0,0,"97,42",100,"77,39",80%,0,"96,74",I B
44,A692861137,A120137692861,120,137,692861,KANTOR IMIGRASI KELAS II TPI SELAT PANJANG,Nilai,100,"88,99","98,97",0,100,"98,12","96,32","87,03",90%,0,"96,7",I A
45,A692820137,A120137692820,120,137,692820,KANTOR IMIGRASI KELAS II TPI BENGKALIS,Nilai,100,"83,91","98,91",0,100,"96,16",100,"86,98",90%,0,"96,65",I A
46,A622585025,A120025622585,120,025,622585,KANTOR KEMENTERIAN AGAMA KOTA DUMAI,Nilai,100,"82,14",100,0,0,"99,79",100,"77,3",80%,0,"96,63",I A
47,A632002005,A120005632002,120,005,632002,PENGADILAN AGAMA UJUNG TANJUNG,Nilai,100,"81,65",100,0,0,100,100,"77,25",80%,0,"96,56",I B
48,A403710066,A120066403710,120,066,403710,BADAN NARKOTIKA NASIONAL KOTA DUMAI,Nilai,100,"85,48","97,79",0,100,"95,1",100,"86,89",90%,0,"96,54",I C
49,A672849063,A120063672849,120,063,672849,BALAI POM DI DUMAI,Nilai,100,"83,32","95,05",100,100,100,100,"96,51",100%,0,"96,51",I B
50,A420025025,A120025420025,120,025,420025,MADRASAH TSANAWIYAH NEGERI 3 ROKAN HILIR,Nilai,100,"81,18",100,0,0,100,100,"77,18",80%,0,"96,47",I A
51,A006884006,A120006006884,120,006,006884,KEJAKSAAN NEGERI KEPULAUAN MERANTI,Nilai,100,"77,05","99,57",100,100,"97,97",100,"96,27",100%,0,"96,27",I C
52,A603362025,A120025603362,120,025,603362,MADRASAH TSANAWIYAH NEGERI 1 DUMAI KOTA DUMAI,Nilai,100,"83,39",100,0,0,"92,09",100,"76,72",80%,0,"95,9",I A
53,A091320025,A120025091320,120,025,091320,KANTOR KEMENTERIAN AGAMA KABUPATEN KEPULAUAN MERANTI,Nilai,100,"80,53",100,0,0,0,100,"67,08",70%,0,"95,83",I A
54,A622593025,A120025622593,120,025,622593,KANTOR KEMENTERIAN AGAMA KOTA DUMAI,Nilai,100,"79,73",100,0,0,"96,6",100,"76,62",80%,0,"95,77",I A
55,A632001005,A120005632001,120,005,632001,PENGADILAN AGAMA UJUNG TANJUNG,Nilai,100,100,100,100,100,"99,55","82,5","95,58",100%,0,"95,58",I B
56,A537390025,A120025537390,120,025,537390,MADRASAH TSANAWIYAH NEGERI 1 BENGKALIS KAB. BENGKALIS,Nilai,100,"76,64",100,0,0,"97,86",100,"76,28",80%,0,"95,35",I A
57,A637436056,A120056637436,120,056,637436,KANTOR PERTANAHAN KAB. ROKAN HILIR,Nilai,100,"75,39","98,93","93,33",100,"98,96",100,"95,32",100%,0,"95,32",I D
58,A692821137,A120137692821,120,137,692821,KANTOR IMIGRASI KELAS I TPI DUMAI,Nilai,100,"73,45","99,63",0,100,"96,76",100,"85,62",90%,0,"95,13",I A
59,A680298025,A120025680298,120,025,680298,MADRASAH ALIYAH NEGERI 1 ROKAN HILIR KAB. ROKAN HILIR,Nilai,100,"75,5",100,0,0,"96,03",100,"75,93",80%,0,"94,91",I A
60,A575883025,A120025575883,120,025,575883,MADRASAH ALIYAH NEGERI 1 BENGKALIS KAB. BENGKALIS,Nilai,100,"76,99","97,07",0,0,"99,56",100,"75,92",80%,0,"94,9",I A
61,A419770115,A120115419770,120,115,419770,SEKRETARIAT BAWASLU KABUPATEN KEPULAUAN MERANTI,Nilai,100,"68,33",100,100,100,"94,41",100,"94,69",100%,0,"94,69",I D
62,A656340076,A120076656340,120,076,656340,KPU KABUPATEN BENGKALIS,Nilai,100,"83,08","89,47",0,100,"98,35",100,"85,19",90%,0,"94,66",I D
63,A413137022,A120022413137,120,022,413137,KANTOR KESYAHBANDARAN DAN OTORITAS PELABUHAN SELAT PANJANG,Nilai,100,"69,09",100,100,100,"91,48",100,"94,51",100%,0,"94,51",I C
64,A091318025,A120025091318,120,025,091318,KANTOR KEMENTERIAN AGAMA KABUPATEN KEPULAUAN MERANTI,Nilai,100,"74,16",100,0,0,0,100,"66,12",70%,0,"94,46",I A
65,A091317025,A120025091317,120,025,091317,KANTOR KEMENTERIAN AGAMA KABUPATEN KEPULAUAN MERANTI,Nilai,100,"82,33","96,81",0,0,0,"96,5","65,84",70%,0,"94,05",I A
66,A622588025,A120025622588,120,025,622588,KANTOR KEMENTERIAN AGAMA KOTA DUMAI,Nilai,100,"74,17","97,96",0,0,0,100,"65,72",70%,0,"93,88",I A
67,A521573022,A120022521573,120,022,521573,UNIT PENYELENGGARA PELABUHAN PANIPAHAN,Nilai,100,"67,19",100,0,0,100,100,"75,08",80%,0,"93,85",I C
68,A622586025,A120025622586,120,025,622586,KANTOR KEMENTERIAN AGAMA KOTA DUMAI,Nilai,100,"78,3","94,68",0,0,"92,61",100,"74,94",80%,0,"93,68",I A
69,A413092022,A120022413092,120,022,413092,KANTOR KESYAHBANDARAN DAN OTORITAS PELABUHAN DUMAI,Nilai,100,"75,16","96,27",88,100,"92,14",100,"93,54",100%,0,"93,54",I C
70,A091314025,A120025091314,120,025,091314,KANTOR KEMENTERIAN AGAMA KABUPATEN KEPULAUAN MERANTI,Nilai,100,"72,24",100,0,0,"89,7",100,"74,81",80%,0,"93,51",I A
71,A692311137,A120137692311,120,137,692311,LAPAS KELAS II A BAGAN SIAPI-API,Nilai,100,"89,99","74,82",100,100,"97,41",100,"93,2",100%,0,"93,2",I A
72,A418148025,A120025418148,120,025,418148,KANTOR KEMENTERIAN AGAMA KAB. BENGKALIS,Nilai,100,"68,51",100,0,0,"90,24",100,"74,3",80%,0,"92,88",I A
73,A559264022,A120022559264,120,022,559264,UNIT PENYELENGGARA PELABUHAN TANJUNG MEDANG,Nilai,100,"75,48",100,"63,33",100,"96,69",100,"92,32",100%,0,"92,32",I C
74,A622587025,A120025622587,120,025,622587,KANTOR KEMENTERIAN AGAMA KOTA DUMAI,Nilai,100,"70,57","90,95","93,33",100,"89,9",100,"92,1",100%,0,"92,1",I A
75,A090261025,A120025090261,120,025,090261,STAIN BENGKALIS,Nilai,100,"76,23","95,9","63,33",100,"98,79",100,"91,83",100%,0,"91,83",I A
76,A656354076,A120076656354,120,076,656354,KPU KABUPATEN ROKAN HILIR,Nilai,100,"61,74","95,41",0,0,"99,96",100,"73,34",80%,0,"91,67",I D
77,A430994056,A120056430994,120,056,430994,KANTOR PERTANAHAN KAB. BENGKALIS,Nilai,100,"70,34","94,77",82,100,"88,08",100,"91,51",100%,0,"91,51",I D
78,A091324056,A120056091324,120,056,091324,KANTOR PERTANAHAN KABUPATEN KEPULAUAN MERANTI,Nilai,100,"80,73","78,86",0,100,"86,76",100,"81,56",90%,0,"90,62",I D
79,A656375076,A120076656375,120,076,656375,KPU KOTA DUMAI,Nilai,100,"69,06","86,3",0,0,"95,42",100,"72,16",80%,0,"90,2",I D
80,A418144025,A120025418144,120,025,418144,KANTOR KEMENTERIAN AGAMA KAB. BENGKALIS,Nilai,100,"49,72","97,51",0,0,"93,76",100,"71,34",80%,0,"89,17",I A
81,A418143025,A120025418143,120,025,418143,KANTOR KEMENTERIAN AGAMA KAB. BENGKALIS,Nilai,100,"60,44","87,98",0,0,100,"96,5","70,79",80%,0,"88,48",I A
82,A418147025,A120025418147,120,025,418147,KANTOR KEMENTERIAN AGAMA KAB. BENGKALIS,Nilai,100,"57,77","84,69",0,0,100,100,"70,6",80%,0,"88,25",I A
83,A400327005,A120005400327,120,005,400327,PENGADILAN NEGERI DUMAI,Nilai,100,"89,72","99,69",80,"33,33","90,25",100,"88,75",100%,1,"87,75",I B
84,A402118005,A120005402118,120,005,402118,PENGADILAN AGAMA BENGKALIS,Nilai,100,"84,13",100,0,0,"83,45","76,67","70,13",80%,0,"87,66",I B
85,A400328005,A120005400328,120,005,400328,PENGADILAN NEGERI DUMAI,Nilai,100,"58,26","90,73",0,0,"81,02",100,"69,99",80%,0,"87,48",I B
86,A670891076,A120076670891,120,076,670891,KPU KAB. KEPULAUAN MERANTI,Nilai,100,"69,58","99,68",0,100,"33,33",100,"78,71",90%,0,"87,45",I D
87,A694759137,A120137694759,120,137,694759,BAPAS KELAS II DUMAI,Nilai,100,"78,96","57,83",0,100,"93,44",100,"77,75",90%,0,"86,39",I A
88,A622000056,A120056622000,120,056,622000,KANTOR PERTANAHAN KOTA DUMAI,Nilai,100,"87,25","99,98","93,33",100,"89,7","59,17","86,18",100%,0,"86,18",I D
89,A418142025,A120025418142,120,025,418142,KANTOR KEMENTERIAN AGAMA KAB. BENGKALIS,Nilai,100,"81,65",100,0,0,"84,01",65,"66,9",80%,0,"83,62",I A
90,A413121022,A120022413121,120,022,413121,KANTOR KESYAHBANDARAN DAN OTORITAS PELABUHAN BAGAN SIAPI-API,Nilai,100,"72,09",100,100,100,"97,05",44,"81,52",100%,0,"81,52",I C
91,A418145025,A120025418145,120,025,418145,KANTOR KEMENTERIAN AGAMA KAB. BENGKALIS,Nilai,100,"64,15","68,35",0,0,"99,86","76,67","62,45",80%,0,"78,06",I A
92,A413112022,A120022413112,120,022,413112,KANTOR KESYAHBANDARAN DAN OTORITAS PELABUHAN BENGKALIS,Nilai,100,"66,18",100,"66,67",100,"93,37",40,"75,93",100%,0,"75,93",I C
93,A411033015,A120015411033,120,015,411033,KANTOR PENGAWASAN DAN PELAYANAN BC DUMAI,Nilai,100,100,100,100,100,100,0,75,100%,0,75,I D
94,A632380006,A120006632380,120,006,632380,KEJAKSAAN NEGERI ROKAN HILIR,Nilai,100,"88,7",100,100,100,"98,61",0,"73,17",100%,0,"73,17",I C
95,A693505139,A120139693505,120,139,693505,POLITEKNIK NEGERI BENGKALIS,Nilai,100,"93,28","98,12",98,100,"93,58",0,"72,77",100%,0,"72,77",I D
96,A692675137,A120137692675,120,137,692675,RUPBASAN KELAS II BENGKALIS,Nilai,100,"79,24","97,78",100,100,"97,13",0,"71,16",100%,0,"71,16",I A
97,A635308025,A120025635308,120,025,635308,KANTOR KEMENTERIAN AGAMA KABUPATEN ROKAN HILIR,Nilai,100,"73,57",100,100,100,"67,16",0,"67,75",100%,0,"67,75",I A
98,A091319025,A120025091319,120,025,091319,KANTOR KEMENTERIAN AGAMA KABUPATEN KEPULAUAN MERANTI,Nilai,100,"94,5",100,0,0,100,0,"54,18",80%,0,"67,72",I A
99,A574256025,A120025574256,120,025,574256,MADRASAH TSANAWIYAH NEGERI 2 BENGKALIS KAB. BENGKALIS,Nilai,100,"89,88","98,06",0,0,"96,02",0,"52,7",80%,0,"65,87",I A
100,A344596012,A120012344596,120,012,344596,LANAL DUMAI,Nilai,100,"71,04",100,50,100,"97,07",0,"65,36",100%,0,"65,36",I B
101,A635309025,A120025635309,120,025,635309,KANTOR KEMENTERIAN AGAMA KABUPATEN ROKAN HILIR,Nilai,100,77,"84,6","63,33",100,"87,43",0,"63,55",100%,0,"63,55",I A
102,A420024025,A120025420024,120,025,420024,MADRASAH TSANAWIYAH NEGERI 2 ROKAN HILIR,Nilai,100,"79,59","88,61",0,0,"87,33",0,"48,39",80%,0,"60,49",I A
103,A635310025,A120025635310,120,025,635310,KANTOR KEMENTERIAN AGAMA KABUPATEN ROKAN HILIR,Nilai,100,"74,09","86,35",0,0,"82,32",0,"46,62",80%,0,"58,27",I A
104,A635315025,A120025635315,120,025,635315,KANTOR KEMENTERIAN AGAMA KABUPATEN ROKAN HILIR,Nilai,100,"73,36","98,09",0,0,0,0,"40,62",70%,0,"58,03",I A
105,A661139025,A120025661139,120,025,661139,MADRASAH TSANAWIYAH NEGERI 1 ROKAN HILIR KAB. ROKAN HILIR,Nilai,100,"57,33","89,34",0,0,"99,5",0,"46,42",80%,0,"58,02",I A
106,A691646152,A120152691646,120,152,691646,DINAS TENAGA KERJA DAN TRANSMIGRASI KABUPATEN BENGKALIS,Nilai,100,"38,22",50,50,100,0,30,"48,23",90%,0,"53,59",I C
107,A635311025,A120025635311,120,025,635311,KANTOR KEMENTERIAN AGAMA KABUPATEN ROKAN HILIR,Nilai,100,"52,28","95,17",0,0,0,0,"36,88",70%,0,"52,68",I A
108,A693533143,A008143693533,008,143,693533,BALAI PENGELOLAAN HUTAN LESTARI WILAYAH III PEKANBARU,Nilai,100,100,100,100,100,100,100,100,100%,0,100,I A
109,A692310137,A008137692310,008,137,692310,RUTAN KELAS II B SIAK SRI INDRAPURA,Nilai,100,100,100,100,100,100,100,100,100%,0,100,I A
110,A654797060,A008060654797,008,060,654797,POLRES ROKAN HULU,Nilai,100,100,100,0,0,100,100,80,80%,0,100,I D
111,A668884015,A008015668884,008,015,668884,KANTOR WILAYAH DJBC RIAU,Nilai,100,100,100,0,0,100,100,80,80%,0,100,I D
112,A640998060,A008060640998,008,060,640998,POLRES KAMPAR,Nilai,100,100,100,0,0,100,100,80,80%,0,100,I D
113,A640914060,A008060640914,008,060,640914,SATBRIMOB POLDA RIAU,Nilai,100,100,100,100,100,100,100,100,100%,0,100,I D
114,A640846060,A008060640846,008,060,640846,DITSAMAPTA POLDA RIAU,Nilai,100,100,100,0,0,100,100,80,80%,0,100,I D
115,A640825060,A008060640825,008,060,640825,DITINTELKAM POLDA RIAU,Nilai,100,100,100,100,100,100,100,100,100%,0,100,I D
116,A637000054,A008054637000,008,054,637000,BADAN PUSAT STATISTIK KAB. SIAK,Nilai,100,100,100,100,100,100,100,100,100%,0,100,I D
117,A636998054,A008054636998,008,054,636998,BADAN PUSAT STATISTIK KAB. PELALAWAN,Nilai,100,100,100,100,100,100,100,100,100%,0,100,I D
118,A635600015,A008015635600,008,015,635600,KANTOR PELAYANAN PAJAK PRATAMA PEKANBARU TAMPAN,Nilai,100,100,100,0,0,100,100,80,80%,0,100,I D
119,A692012135,A008135692012,008,135,692012,KANTOR WILAYAH KEMENTERIAN HUKUM RIAU,Nilai,100,100,100,100,100,100,100,100,100%,0,100,I A
120,A400142005,A008005400142,008,005,400142,PENGADILAN NEGERI BANGKINANG,Nilai,100,100,100,0,0,100,100,80,80%,0,100,I B
121,A400492005,A008005400492,008,005,400492,PENGADILAN TINGGI RIAU,Nilai,100,100,100,100,100,100,100,100,100%,0,100,I B
122,A400493005,A008005400493,008,005,400493,PENGADILAN TINGGI RIAU,Nilai,100,100,100,0,0,100,100,80,80%,0,100,I B
123,A402101005,A008005402101,008,005,402101,PENGADILAN AGAMA BANGKINANG,Nilai,100,100,100,100,100,"99,99",100,100,100%,0,100,I B
124,A402970005,A008005402970,008,005,402970,PENGADILAN TINGGI AGAMA PEKANBARU,Nilai,100,100,100,100,100,100,100,100,100%,0,100,I B
125,A693032135,A008135693032,008,135,693032,KANTOR WILAYAH KEMENTERIAN HUKUM RIAU,Nilai,100,100,100,0,0,100,100,80,80%,0,100,I A
126,A692999135,A008135692999,008,135,692999,KANTOR WILAYAH KEMENTERIAN HUKUM RIAU,Nilai,100,100,100,0,100,0,100,80,80%,0,100,I A
127,A692537137,A008137692537,008,137,692537,LAPAS PEREMPUAN KELAS II A PEKANBARU,Nilai,100,100,100,100,100,100,100,100,100%,0,100,I A
128,A418123025,A008025418123,008,025,418123,KANTOR KEMENTERIAN AGAMA KOTA PEKANBARU,Nilai,100,100,100,0,0,100,100,80,80%,0,100,I C
129,A692317137,A008137692317,008,137,692317,LAPAS KELAS II B PASIR PANGARAYAN,Nilai,100,100,100,100,100,100,100,100,100%,0,100,I A
130,A428088054,A008054428088,008,054,428088,BADAN PUSAT STATISTIK KOTA PEKANBARU,Nilai,100,100,100,100,100,100,100,100,100%,0,100,I D
131,A428108054,A008054428108,008,054,428108,BADAN PUSAT STATISTIK KAB. KAMPAR,Nilai,100,100,100,100,100,100,100,100,100%,0,100,I D
132,A440904015,A008015440904,008,015,440904,KANTOR PELAYANAN PAJAK MADYA PEKANBARU,Nilai,100,100,100,0,0,100,100,80,80%,0,100,I D
133,A663513015,A008015663513,008,015,663513,KANTOR PELAYANAN PAJAK PRATAMA PANGKALAN KERINCI,Nilai,100,100,100,100,100,100,100,100,100%,0,100,I D
134,A450780004,A008004450780,008,004,450780,BPK PERWAKILAN PROVINSI RIAU,Nilai,100,100,100,100,100,100,100,100,100%,0,100,I D
135,A692052135,A008135692052,008,135,692052,KANTOR WILAYAH KEMENTERIAN HUKUM RIAU,Nilai,100,100,100,0,0,0,100,70,70%,0,100,I A
136,A527844015,A008015527844,008,015,527844,KANTOR PELAYANAN PERBENDAHARAAN NEGARA PEKANBARU,Nilai,100,100,100,100,100,100,100,100,100%,0,100,I D
137,A574281025,A008025574281,008,025,574281,MADRASAH TSANAWIYAH NEGERI 1 SIAK KAB. SIAK,Nilai,100,100,100,0,0,100,100,80,80%,0,100,I C
138,A693134135,A008135693134,008,135,693134,KANTOR WILAYAH KEMENTERIAN HUKUM RIAU,Nilai,100,100,100,0,0,"99,8",100,"79,98",80%,0,"99,98",I A
139,A119731015,A008015119731,008,015,119731,KANTOR PELAYANAN PAJAK PRATAMA PEKANBARU SENAPELAN,Nilai,100,100,"99,91",0,0,100,100,"79,98",80%,0,"99,98",I D
140,A692316137,A008137692316,008,137,692316,LAPAS KELAS II A BANGKINANG,Nilai,100,100,"99,89",100,100,100,100,"99,98",100%,0,"99,98",I A
141,A613739015,A008015613739,008,015,613739,KANWIL DITJEN PERBENDAHARAAN PROVINSI RIAU,Nilai,100,100,100,100,100,"99,68",100,"99,97",100%,0,"99,97",I D
142,A675031025,A008025675031,008,025,675031,MADRASAH ALIYAH NEGERI 1 SIAK KAB. SIAK,Nilai,100,100,100,0,0,"99,79",100,"79,98",80%,0,"99,97",I C
143,A640956060,A008060640956,008,060,640956,POLRESTA PAKANBARU,Nilai,100,100,100,100,100,"99,22",100,"99,92",100%,0,"99,92",I D
144,A477344005,A008005477344,008,005,477344,PENGADILAN NEGERI SIAK SRI INDRAPURA,Nilai,100,100,100,0,0,"99,04",100,"79,9",80%,0,"99,88",I B
145,A640850060,A008060640850,008,060,640850,DITLANTAS POLDA RIAU,Nilai,100,100,100,100,100,"98,57",100,"99,86",100%,0,"99,86",I D
146,A411042015,A008015411042,008,015,411042,KANTOR PENGAWASAN DAN PELAYANAN BC PEKANBARU,Nilai,100,100,100,100,100,100,"99,45","99,86",100%,0,"99,86",I D
147,A419222066,A008066419222,008,066,419222,BADAN NARKOTIKA NASIONAL KABUPATEN PELALAWAN,Nilai,100,100,100,100,100,"98,39",100,"99,84",100%,0,"99,84",I C
148,A410625015,A008015410625,008,015,410625,KANTOR WILAYAH DJP RIAU,Nilai,100,100,100,100,100,"98,28",100,"99,83",100%,0,"99,83",I D
149,A693696143,A008143693696,008,143,693696,BALAI PENYULUHAN DAN PENGEMBANGAN SUMBER DAYA MANUSIA WILAYAH II,Nilai,100,100,99,100,100,100,100,"99,8",100%,0,"99,8",I A
150,A693345138,A008138693345,008,138,693345,BALAI GTK PROVINSI RIAU,Nilai,100,100,"98,97",100,100,"99,62",100,"99,76",100%,0,"99,76",I D
151,A692519137,A008137692519,008,137,692519,LEMBAGA PEMBINAAN KHUSUS ANAK KELAS II PEKANBARU,Nilai,100,100,"99,26",100,100,"98,78",100,"99,73",100%,0,"99,73",I A
152,A428072054,A008054428072,008,054,428072,BADAN PUSAT STATISTIK PROP. RIAU,Nilai,100,100,"97,31",100,100,100,100,"99,46",100%,0,"99,46",I D
153,A098849005,A008005098849,008,005,098849,PENGADILAN NEGERI PEKANBARU,Nilai,100,100,100,"93,33",100,100,100,"99,33",100%,0,"99,33",I B
154,A450670089,A008089450670,008,089,450670,PERWAKILAN BPKP PROVINSI RIAU,Nilai,100,100,"96,87",0,100,100,100,"89,37",90%,0,"99,3",I B
155,A692308137,A008137692308,008,137,692308,LAPAS KELAS II A PEKANBARU,Nilai,100,"94,97","99,47",100,100,"99,82",100,"99,12",100%,0,"99,12",I A
156,A675720015,A008015675720,008,015,675720,BALAI DIKLAT KEUANGAN PEKANBARU,Nilai,100,100,"95,5",100,100,100,100,"99,1",100%,0,"99,1",I D
157,A637017054,A008054637017,008,054,637017,BADAN PUSAT STATISTIK KAB. ROKAN HULU,Nilai,100,"94,81","99,34",100,100,100,100,"99,09",100%,0,"99,09",I D
158,A692961137,A008137692961,008,137,692961,RUMAH DETENSI IMIGRASI PEKANBARU,Nilai,100,"93,81",100,100,100,100,100,"99,07",100%,0,"99,07",I A
159,A685040012,A008012685040,008,012,685040,KODIM 0301 / PEKANBARU,Nilai,100,"94,45",100,0,0,"99,86",100,"79,15",80%,0,"98,94",I B
160,A418120025,A008025418120,008,025,418120,KANTOR KEMENTERIAN AGAMA KOTA PEKANBARU,Nilai,100,"94,56",100,0,0,"99,59",100,"79,14",80%,0,"98,93",I C
161,A409784015,A008015409784,008,015,409784,KANTOR PELAYANAN PAJAK PRATAMA BANGKINANG,Nilai,100,"93,98",100,0,0,"99,96",100,"79,09",80%,0,"98,87",I D
162,A400141005,A008005400141,008,005,400141,PENGADILAN NEGERI BANGKINANG,Nilai,100,"92,26",100,100,100,100,100,"98,84",100%,0,"98,84",I B
163,A631999005,A008005631999,008,005,631999,PENGADILAN AGAMA PANGKALAN KERINCI,Nilai,100,"94,34",100,0,0,"98,8",100,"79,03",80%,0,"98,79",I B
164,A437030075,A008075437030,008,075,437030,STASIUN METEOROLOGI SULTAN SYARIF KASIM II,Nilai,100,"94,49","99,28",0,0,"99,93",100,"79,02",80%,0,"98,78",I B
165,A654802060,A008060654802,008,060,654802,POLRES SIAK,Nilai,100,"92,74",100,0,0,100,100,"78,91",80%,0,"98,64",I D
166,A477456032,A008032477456,008,032,477456,LOKA KAWASAN KONSERVASI PERAIRAN NASIONAL PEKANBARU,Nilai,100,100,100,86,100,100,100,"98,6",100%,0,"98,6",I B
167,A650753060,A008060650753,008,060,650753,BIDLABFOR TINGKAT II POLDA RIAU,Nilai,100,"91,28",100,100,100,"98,86",100,"98,58",100%,0,"98,58",I D
168,A692781137,A008137692781,008,137,692781,RUTAN KELAS I PEKANBARU,Nilai,100,"90,02",100,100,100,100,100,"98,5",100%,0,"98,5",I A
169,A700149116,A008116700149,008,116,700149,RRI PEKANBARU,Nilai,100,"94,23","98,43","96,67",100,"99,95",100,"98,48",100%,0,"98,48",I B
170,A403402005,A008005403402,008,005,403402,PENGADILAN AGAMA SIAK SRI INDRAPURA,Nilai,100,"91,83",100,0,0,100,100,"78,77",80%,0,"98,47",I B
171,A700229117,A008117700229,008,117,700229,TVRI STASIUN RIAU,Nilai,100,"91,07",100,98,100,"99,06",100,"98,37",100%,0,"98,37",I B
172,A613441059,A008059613441,008,059,613441,BALAI MONITOR SPEKTRUM FREKUENSI RADIO KELAS I PEKANBARU,Nilai,100,"93,05","96,84",100,100,100,100,"98,33",100%,0,"98,33",I D
173,A640871060,A008060640871,008,060,640871,RO SDM POLDA RIAU,Nilai,100,"88,61",100,100,100,100,100,"98,29",100%,0,"98,29",I D
174,A418126025,A008025418126,008,025,418126,KANTOR KEMENTERIAN AGAMA KOTA PEKANBARU,Nilai,100,"91,4",100,0,0,0,100,"68,71",70%,0,"98,16",I C
175,A424920025,A008025424920,008,025,424920,MADRASAH TSANAWIYAH NEGERI 1 KAMPAR KAB. KAMPAR,Nilai,100,"90,2","99,92",0,0,100,100,"78,51",80%,0,"98,14",I C
176,A692639137,A008137692639,008,137,692639,LAPAS NARKOTIKA KELAS II B RUMBAI,Nilai,100,100,"90,69",100,100,100,100,"98,14",100%,0,"98,14",I A
177,A640804060,A008060640804,008,060,640804,ROOPS POLDA RIAU,Nilai,100,"88,16","99,63",100,100,"99,44",100,"98,09",100%,0,"98,09",I D
178,A693705143,A008143693705,008,143,693705,SEKOLAH MENENGAH KEJURUAN KEHUTANAN NEGERI PEKANBARU,Nilai,100,"87,78","99,58",100,100,"99,83",100,"98,07",100%,0,"98,07",I A
179,A650641060,A008060650641,008,060,650641,BIDPROPAM POLDA RIAU,Nilai,100,"89,75","99,85",0,0,100,100,"78,43",80%,0,"98,04",I D
180,A674348025,A008025674348,008,025,674348,MADRASAH TSANAWIYAH NEGERI 6 KAMPAR KAB. KAMPAR,Nilai,100,"89,23",100,0,0,100,100,"78,38",80%,0,"97,98",I C
181,A402072005,A008005402072,008,005,402072,PENGADILAN AGAMA PEKANBARU,Nilai,100,"88,48","98,38",100,100,100,100,"97,95",100%,0,"97,95",I B
182,A418122025,A008025418122,008,025,418122,KANTOR KEMENTERIAN AGAMA KOTA PEKANBARU,Nilai,100,"87,48",100,98,100,100,100,"97,92",100%,0,"97,92",I C
183,A693806145,A008145693806,008,145,693806,BALAI PELAKSANAAN JALAN NASIONAL RIAU,Nilai,100,"85,92","99,82",100,100,"99,53",100,"97,81",100%,0,"97,81",I B
184,A006817006,A008006006817,008,006,006817,KEJAKSAAN TINGGI RIAU,Nilai,100,"94,18","94,07","98,67",100,100,100,"97,81",100%,0,"97,81",I C
185,A690873127,A008127690873,008,127,690873,"BALAI KARANTINA HEWAN, IKAN, DAN TUMBUHAN RIAU",Nilai,100,"87,22","99,92",100,100,"96,83",100,"97,75",100%,0,"97,75",I B
186,A640921060,A008060640921,008,060,640921,DITPOLAIRUD POLDA RIAU,Nilai,100,"85,29",100,100,100,"99,58",100,"97,75",100%,0,"97,75",I D
187,A567460018,A008018567460,008,018,567460,BALAI PENERAPAN MODERNISASI PERTANIAN RIAU,Nilai,100,"88,16","97,58",100,100,100,100,"97,74",100%,0,"97,74",I B
188,A432829063,A008063432829,008,063,432829,BALAI BESAR PENGAWAS OBAT DAN MAKANAN PEKAN BARU,Nilai,100,"92,41","94,02",100,100,100,100,"97,67",100%,0,"97,67",I B
189,A418153025,A008025418153,008,025,418153,KANTOR KEMENTERIAN AGAMA KAB. KAMPAR,Nilai,100,"89,67",100,0,0,"96,61",100,"78,11",80%,0,"97,64",I C
190,A477256005,A008005477256,008,005,477256,PENGADILAN NEGERI PELALAWAN,Nilai,100,"85,6",100,0,100,100,100,"87,84",90%,0,"97,6",I B
191,A694029145,A008145694029,008,145,694029,PELAKSANAAN CIPTA KARYA PROVINSI RIAU,Nilai,100,"84,3",100,100,100,"99,28",100,"97,57",100%,0,"97,57",I B
192,A506101015,A008015506101,008,015,506101,"KANWIL DJKN RIAU, SUMATERA BARAT DAN KEPULAUAN RIAU",Nilai,100,"85,56","99,76",0,100,100,100,"87,79",90%,0,"97,54",I D
193,A693653143,A008143693653,008,143,693653,BALAI PEMANTAPAN KAWASAN HUTAN WILAYAH XIX PEKANBARU,Nilai,100,100,"92,92",90,100,"99,48",100,"97,53",100%,0,"97,53",I A
194,A006910006,A008006006910,008,006,006910,KEJAKSAAN NEGERI SIAK,Nilai,100,"86,3","97,89",100,100,100,100,"97,52",100%,0,"97,52",I C
195,A689529066,A008066689529,008,066,689529,BADAN NARKOTIKA NASIONAL KOTA PEKANBARU,Nilai,100,"87,24",100,0,0,"99,24",100,"78,01",80%,0,"97,51",I C
196,A650702060,A008060650702,008,060,650702,POLRES PELALAWAN,Nilai,100,"86,59",100,0,0,100,100,"77,99",80%,0,"97,49",I D
197,A536721060,A008060536721,008,060,536721,BIDKUM POLDA,Nilai,100,"86,82",100,0,0,"99,52",100,"77,98",80%,0,"97,47",I D
198,A693990145,A008145693990,008,145,693990,"BALAI PENATAAN BANGUNAN, PRASARANA DAN KAWASAN RIAU",Nilai,100,"87,94",100,"93,33",100,"99,05",100,"97,43",100%,0,"97,43",I B
199,A433011068,A008068433011,008,068,433011,PERWAKILAN BADAN KEPENDUDUKAN DAN KELUARGA BERENCANA NASIONAL PROVINSI RIAU,Nilai,100,"92,04","97,43",100,100,"90,73",100,"97,36",100%,0,"97,36",I D
200,A537412025,A008025537412,008,025,537412,MADRASAH ALIYAH NEGERI 1 KAMPAR KAB. KAMPAR,Nilai,100,"82,31",100,100,100,100,100,"97,35",100%,0,"97,35",I C
201,A418136025,A008025418136,008,025,418136,MADRASAH ALIYAH NEGERI 2 PEKANBARU KOTA PEKANBARU,Nilai,100,82,100,100,100,100,100,"97,3",100%,0,"97,3",I C
202,A090602025,A008025090602,008,025,090602,MADRASAH TSANAWIYAH NEGERI 2 PELALAWAN,Nilai,100,"87,44","98,6",0,0,"99,75",100,"77,81",80%,0,"97,26",I C
203,A099214005,A008005099214,008,005,099214,PENGADILAN NEGERI PEKANBARU,Nilai,100,"94,74",100,0,0,100,"94,17","77,75",80%,0,"97,19",I B
204,A678274060,A008060678274,008,060,678274,RORENA POLDA RIAU,Nilai,100,"82,58",100,100,100,"97,53",100,"97,14",100%,0,"97,14",I D
205,A424163025,A008025424163,008,025,424163,MADRASAH ALIYAH NEGERI 1 PEKANBARU KOTA PEKANBARU,Nilai,100,"81,4",100,100,100,"99,24",100,"97,13",100%,0,"97,13",I C
206,A682605066,A008066682605,008,066,682605,BADAN NARKOTIKA NASIONAL PROVINSI RIAU,Nilai,100,"86,29","95,81",100,100,"99,96",100,"97,1",100%,0,"97,1",I C
207,A414412107,A008107414412,008,107,414412,KANTOR PENCARIAN DAN PERTOLONGAN PEKANBARU,Nilai,100,"81,71","99,88",100,100,"98,46",100,"97,08",100%,0,"97,08",I C
208,A578822005,A008005578822,008,005,578822,PENGADILAN TATA USAHA NEGARA PEKAN BARU,Nilai,100,"81,16","99,43",100,100,100,100,"97,06",100%,0,"97,06",I B
209,A692957137,A008137692957,008,137,692957,KANTOR IMIGRASI KELAS II TPI SIAK,Nilai,100,"82,22",100,0,100,"99,99",100,"87,33",90%,0,"97,04",I A
210,A693241138,A008138693241,008,138,693241,BPMP PROVINSI RIAU,Nilai,100,"86,37","95,2",100,100,"99,86",100,"96,98",100%,0,"96,98",I D
211,A578823005,A008005578823,008,005,578823,PENGADILAN TATA USAHA NEGARA PEKAN BARU,Nilai,100,100,"90,32",0,0,"95,14",100,"77,58",80%,0,"96,97",I B
212,A575926025,A008025575926,008,025,575926,MADRASAH ALIYAH NEGERI 2 KAMPAR KAB. KAMPAR,Nilai,100,"84,67","99,39",0,0,100,100,"77,58",80%,0,"96,97",I C
213,A417912019,A008019417912,008,019,417912,BALAI STANDARDISASI DAN PELAYANAN JASA INDUSTRI PEKANBARU,Nilai,100,"86,21","99,83","93,33",100,"97,11",100,"96,94",100%,0,"96,94",I C
214,A693618143,A008143693618,008,143,693618,BALAI TAMAN NASIONAL TESSO NILO,Nilai,100,"81,41",100,"97,33",100,"99,82",100,"96,93",100%,0,"96,93",I A
215,A693200139,A008139693200,008,139,693200,LEMBAGA LAYANAN PENDIDIKAN TINGGI WILAYAH XVII RIAU,Nilai,100,"91,63","99,58",90,100,"92,45",100,"96,91",100%,0,"96,91",I D
216,A693515144,A008144693515,008,144,693515,PUSAT PENGENDALIAN LINGKUNGAN HIDUP WILAYAH SUMATERA,Nilai,100,"86,32","95,16",100,100,"98,87",100,"96,87",100%,0,"96,87",I A
217,A006821006,A008006006821,008,006,006821,KEJAKSAAN NEGERI PEKANBARU,Nilai,100,"82,48","99,03",100,"97,73","98,86",100,"96,84",100%,0,"96,84",I C
218,A678260060,A008060678260,008,060,678260,ITWASDA POLDA RIAU,Nilai,100,"83,03",100,0,0,100,100,"77,45",80%,0,"96,82",I D
219,A415913024,A008024415913,008,024,415913,BALAI KEKARANTINAAN KESEHATAN KELAS I PEKANBARU,Nilai,100,"79,6",100,100,100,"98,24",100,"96,76",100%,0,"96,76",I C
220,A678281060,A008060678281,008,060,678281,DITBINMAS POLDA RIAU,Nilai,100,"86,01","98,34",0,0,"98,26",100,"77,4",80%,0,"96,74",I D
221,A426412104,A008104426412,008,104,426412,BALAI PELAYANAN PELINDUNGAN PEKERJA MIGRAN INDONESIA (BP3MI) RIAU,Nilai,100,"78,08",100,100,100,100,100,"96,71",100%,0,"96,71",I C
222,A667901088,A008088667901,008,088,667901,KANTOR REGIONAL XII BADAN KEPEGAWAIAN NEGARA PEKANBARU,Nilai,100,"83,85","95,5",100,100,100,100,"96,68",100%,0,"96,68",I A
223,A692677137,A008137692677,008,137,692677,RUPBASAN KELAS II BANGKINANG,Nilai,100,"94,7",100,0,0,100,"92,22","77,26",80%,0,"96,58",I A
224,A676413025,A008025676413,008,025,676413,MADRASAH TSANAWIYAH NEGERI 9 KAMPAR KAB. KAMPAR,Nilai,100,"86,51","97,86",0,0,"96,77",100,"77,23",80%,0,"96,53",I C
225,A420026025,A008025420026,008,025,420026,MADRASAH TSANAWIYAH NEGERI 3 SIAK,Nilai,100,"81,33",100,0,0,100,100,"77,2",80%,0,"96,5",I C
226,A632394006,A008006632394,008,006,632394,KEJAKSAAN NEGERI PELALAWAN,Nilai,100,"83,85","98,6",100,100,"99,19","96,96","96,46",100%,0,"96,46",I C
227,A640811060,A008060640811,008,060,640811,YANMA POLDA RIAU,Nilai,100,"81,13",100,0,0,100,100,"77,17",80%,0,"96,46",I D
228,A692794137,A008137692794,008,137,692794,LAPAS TERBUKA KELAS III RUMBAI,Nilai,100,"89,37","92,06",0,100,100,100,"86,82",90%,0,"96,46",I A
229,A413106022,A008022413106,008,022,413106,KANTOR KESYAHBANDARAN DAN OTORITAS PELABUHAN KELAS II PEKANBARU,Nilai,100,"90,9",100,80,100,"97,55",100,"96,39",100%,0,"96,39",I C
230,A536722060,A008060536722,008,060,536722,BIDHUMAS POLDA,Nilai,100,"89,11","93,74",0,0,100,100,"77,11",80%,0,"96,39",I D
231,A692507137,A008137692507,008,137,692507,KANWIL DITJEN PEMASYARAKATAN RIAU,Nilai,100,100,"83,58",0,100,100,100,"86,72",90%,0,"96,35",I A
232,A574277025,A008025574277,008,025,574277,MADRASAH TSANAWIYAH NEGERI 2 SIAK KAB. SIAK,Nilai,100,"80,48",100,0,0,"99,97",100,"77,07",80%,0,"96,34",I C
233,A420031025,A008025420031,008,025,420031,MADRASAH ALIYAH NEGERI 4 KOTA PEKANBARU,Nilai,100,"82,61","99,66",0,0,"97,52",100,"77,08",80%,0,"96,34",I C
234,A430963056,A008056430963,008,056,430963,KANTOR WILAYAH BADAN PERTANAHAN NASIONAL PROP. RIAU,Nilai,100,"86,59","98,63",86,100,100,100,"96,31",100%,0,"96,31",I D
235,A661122025,A008025661122,008,025,661122,MADRASAH TSANAWIYAH NEGERI 5 KAMPAR KAB. KAMPAR,Nilai,100,"81,28","99,27",0,0,"99,5",100,77,80%,0,"96,25",I C
236,A676420025,A008025676420,008,025,676420,MADRASAH TSANAWIYAH NEGERI 1 ROKAN HULU KAB. ROKAN HULU,Nilai,100,"80,59",100,0,0,"99,2","99,92","76,99",80%,0,"96,23",I C
237,A693586143,A008143693586,008,143,693586,BALAI BESAR KONSERVASI SUMBER DAYA ALAM RIAU,Nilai,100,"90,78","98,09",84,100,"95,63",100,"96,2",100%,0,"96,2",I A
238,A090909025,A008025090909,008,025,090909,MAN IC SIAK,Nilai,100,"74,37",100,100,100,100,100,"96,16",100%,0,"96,16",I C
239,A632000005,A008005632000,008,005,632000,PENGADILAN AGAMA PANGKALAN KERINCI,Nilai,100,"82,84",100,0,0,"94,84",100,"76,91",80%,0,"96,14",I B
240,A635290025,A008025635290,008,025,635290,KANTOR KEMENTERIAN AGAMA KABUPATEN PELALAWAN,Nilai,100,"79,55",100,0,0,"99,71",100,"76,9",80%,0,"96,13",I C
241,A690579027,A008027690579,008,027,690579,"SENTRA ""ABISEKA"" DI PEKANBARU",Nilai,100,"87,53",100,80,100,100,100,"96,13",100%,0,"96,13",I D
242,A640832060,A008060640832,008,060,640832,DITRESKRIMUM POLDA RIAU,Nilai,100,"90,08","91,81",0,0,100,100,"76,87",80%,0,"96,09",I D
243,A640892060,A008060640892,008,060,640892,SPN POLDA RIAU,Nilai,100,"76,03","98,17",100,100,100,100,"96,04",100%,0,"96,04",I D
244,A635328025,A008025635328,008,025,635328,KANTOR KEMENTERIAN AGAMA KABUPATEN SIAK,Nilai,100,"78,41","96,38",100,100,"99,95","99,84","95,99",100%,0,"95,99",I C
245,A675027025,A008025675027,008,025,675027,MADRASAH ALIYAH NEGERI 1 ROKAN HULU KAB. ROKAN HULU,Nilai,100,"78,43",100,0,0,"99,65",100,"76,73",80%,0,"95,91",I C
246,A640942060,A008060640942,008,060,640942,BIDDOKKES POLDA RIAU,Nilai,100,"81,19","96,89","93,33",100,"99,38",100,"95,83",100%,0,"95,83",I D
247,A637440056,A008056637440,008,056,637440,KANTOR PERTANAHAN KAB. SIAK,Nilai,100,"77,21","99,61",0,100,"97,46",100,"86,25",90%,0,"95,83",I D
248,A632132024,A008024632132,008,024,632132,POLITEKNIK KESEHATAN RIAU,Nilai,100,"80,53","94,48",100,100,"94,62",100,"67,08",70%,0,"95,83",I C
249,A662990005,A008005662990,008,005,662990,PENGADILAN NEGERI PASIR PANGARAIAN,Nilai,100,"88,62","98,02",80,100,"99,25",100,"95,82",100%,0,"95,82",I B
250,A574221025,A008025574221,008,025,574221,MADRASAH TSANAWIYAH NEGERI 3 KAMPAR KAB. KAMPAR,Nilai,100,"77,25",100,0,0,100,100,"76,59",80%,0,"95,73",I C
251,A418156025,A008025418156,008,025,418156,KANTOR KEMENTERIAN AGAMA KAB. KAMPAR,Nilai,100,"80,44",100,0,0,"94,06",100,"76,47",80%,0,"95,59",I C
252,A679401060,A008060679401,008,060,679401,DITPAMOBVIT POLDA RIAU,Nilai,100,"76,58","99,93",0,0,100,100,"76,47",80%,0,"95,59",I D
253,A553061025,A008025553061,008,025,553061,MADRASAH TSANAWIYAH NEGERI 2 KAMPAR KAB. KAMPAR,Nilai,100,"81,2",100,0,0,"92,81",100,"76,46",80%,0,"95,58",I C
254,A574235025,A008025574235,008,025,574235,MADRASAH TSANAWIYAH NEGERI 2 ROKAN HULU KAB. ROKAN HULU,Nilai,100,"78,4","98,36",0,0,100,100,"76,43",80%,0,"95,54",I C
255,A679393060,A008060679393,008,060,679393,DITRESKRIMSUS POLDA RIAU,Nilai,100,"76,01",100,0,0,100,100,"76,4",80%,0,"95,5",I D
256,A418151025,A008025418151,008,025,418151,KANTOR KEMENTERIAN AGAMA KAB. KAMPAR,Nilai,100,"79,29",100,0,0,"94,66",100,"76,36",80%,0,"95,45",I C
257,A402123005,A008005402123,008,005,402123,PENGADILAN AGAMA PASIR PANGARAYAN,Nilai,100,"89,7","98,69",80,100,"92,45",100,"95,44",100%,0,"95,44",I B
258,A686222115,A008115686222,008,115,686222,SEKRETARIAT BAWASLU PROVINSI RIAU,Nilai,100,"72,74","99,61",100,100,"95,74",100,"95,41",100%,0,"95,41",I D
259,A430972056,A008056430972,008,056,430972,KANTOR PERTANAHAN KOTA PEKANBARU,Nilai,100,"85,22","99,95",84,100,"92,37",100,"95,41",100%,0,"95,41",I D
260,A401937005,A008005401937,008,005,401937,PENGADILAN AGAMA SIAK SRI INDRAPURA,Nilai,100,"76,52",100,100,100,"98,63",100,"96,34",100%,1,"95,34",I B
261,A640799060,A008060640799,008,060,640799,SPRIPIM POLDA RIAU,Nilai,100,"70,06","99,2",100,100,"99,68",100,"95,32",100%,0,"95,32",I D
262,A693425139,A008139693425,008,139,693425,UNIVERSITAS RIAU,Nilai,100,"90,07","95,93","87,64",100,"97,14","97,66","66,69",70%,0,"95,27",I D
263,A694122145,A008145694122,008,145,694122,OPERASI DAN PEMELIHARAAN SUMBER DAYA AIR SUMATERA III,Nilai,100,"67,9",100,100,100,100,100,"95,19",100%,0,"95,19",I B
264,A419769115,A008115419769,008,115,419769,SEKRETARIAT BAWASLU KABUPATEN PELALAWAN,Nilai,100,"69,8",100,100,100,"96,97",100,"95,17",100%,0,"95,17",I D
265,A402073005,A008005402073,008,005,402073,PENGADILAN AGAMA PEKANBARU,Nilai,100,"74,11",100,0,0,100,100,"76,12",80%,0,"95,15",I B
266,A418154025,A008025418154,008,025,418154,KANTOR KEMENTERIAN AGAMA KAB. KAMPAR,Nilai,100,"73,78",100,0,0,100,100,"76,07",80%,0,"95,08",I C
267,A418113025,A008025418113,008,025,418113,KANWIL KEMENTERIAN AGAMA PROP. RIAU,Nilai,100,"76,51","93,06",100,100,"98,46",100,"94,93",100%,0,"94,93",I C
268,A403844022,A008022403844,008,022,403844,BALAI PENGELOLA TRANSPORTASI DARAT RIAU,Nilai,100,"74,25","97,45",100,100,"92,95",100,"94,92",100%,0,"94,92",I C
269,A693550143,A008143693550,008,143,693550,BALAI PENGELOLAAN DAERAH ALIRAN SUNGAI INDRAGIRI ROKAN,Nilai,100,"70,74","96,66",100,100,"99,58",100,"94,9",100%,0,"94,9",I A
270,A477255005,A008005477255,008,005,477255,PENGADILAN NEGERI PELALAWAN,Nilai,100,"90,44",100,"63,33",100,100,100,"94,9",100%,0,"94,9",I B
271,A420030025,A008025420030,008,025,420030,MADRASAH ALIYAH NEGERI 3 KOTA PEKANBARU,Nilai,100,"78,24","99,48",100,100,"82,64",100,"94,9",100%,0,"94,9",I C
272,A676441025,A008025676441,008,025,676441,MADRASAH TSANAWIYAH NEGERI 8 KAMPAR KAB. KAMPAR,Nilai,100,"74,8",100,0,0,"96,51",100,"75,87",80%,0,"94,84",I C
273,A635327025,A008025635327,008,025,635327,KANTOR KEMENTERIAN AGAMA KABUPATEN SIAK,Nilai,100,"75,17","99,95",0,0,"95,74",100,"75,84",80%,0,"94,8",I C
274,A694380145,A008145694380,008,145,694380,BALAI PELAKSANA PEMILIHAN JASA KONSTRUKSI WILAYAH RIAU,Nilai,100,"89,69","86,29",100,100,"90,8",100,"94,79",100%,0,"94,79",I B
275,A674352025,A008025674352,008,025,674352,MADRASAH TSANAWIYAH NEGERI 3 PEKANBARU KOTA PEKANBARU,Nilai,100,"73,4","96,04",100,100,"95,4",100,"94,76",100%,0,"94,76",I C
276,A418149115,A008115418149,008,115,418149,SEKRETARIAT BAWASLU KABUPATEN SIAK,Nilai,100,"76,13",100,0,0,"93,82",100,"75,8",80%,0,"94,75",I D
277,A693841145,A008145693841,008,145,693841,PERENCANAAN DAN PENGAWASAN JALAN NASIONAL PROVINSI RIAU,Nilai,100,"65,53","99,55",100,100,100,100,"94,74",100%,0,"94,74",I B
278,A640900060,A008060640900,008,060,640900,ROLOG POLDA RIAU,Nilai,100,"64,79",100,100,100,100,100,"94,72",100%,0,"94,72",I D
279,A693100135,A008135693100,008,135,693100,KANTOR WILAYAH KEMENTERIAN HUKUM RIAU,Nilai,100,"73,35","98,39",0,0,100,100,"75,68",80%,0,"94,6",I A
280,A420023025,A008025420023,008,025,420023,MADRASAH TSANAWIYAH NEGERI 5 ROKAN HULU,Nilai,100,"71,08",100,0,0,"99,9",100,"75,65",80%,0,"94,57",I C
281,A693877145,A008145693877,008,145,693877,PELAKSANAAN JALAN NASIONAL WILAYAH I PROVINSI RIAU,Nilai,100,"76,2","90,53",100,100,100,100,"94,54",100%,0,"94,54",I B
282,A635329025,A008025635329,008,025,635329,KANTOR KEMENTERIAN AGAMA KABUPATEN SIAK,Nilai,100,"74,87","97,98",0,0,"97,92",100,"75,62",80%,0,"94,52",I C
283,A090105025,A008025090105,008,025,090105,MADRASAH ALIYAH NEGERI 4 KAMPAR,Nilai,100,"70,74",100,0,0,100,100,"75,61",80%,0,"94,51",I C
284,A006863006,A008006006863,008,006,006863,KEJAKSAAN NEGERI KAMPAR,Nilai,100,"67,16","99,58",100,100,100,"98,1","94,51",100%,0,"94,51",I C
285,A650680060,A008060650680,008,060,650680,DITRESNARKOBA POLDA RIAU,Nilai,100,"63,1",100,100,100,100,100,"94,47",100%,0,"94,47",I D
286,A006906006,A008006006906,008,006,006906,KEJAKSAAN NEGERI ROKAN HULU,Nilai,100,"70,86",100,100,100,"99,68","94,65","94,26",100%,0,"94,26",I C
287,A693279138,A008138693279,008,138,693279,BALAI BAHASA RIAU,Nilai,100,"70,68","93,1",100,100,100,100,"94,22",100%,0,"94,22",I D
288,A692879137,A008137692879,008,137,692879,KANWIL DITJEN IMIGRASI RIAU,Nilai,100,"80,59","88,52",0,100,100,100,"84,79",90%,0,"94,21",I A
289,A635330025,A008025635330,008,025,635330,KANTOR KEMENTERIAN AGAMA KABUPATEN SIAK,Nilai,100,"77,71","96,31",0,0,0,100,"65,92",70%,0,"94,17",I C
290,A692651137,A008137692651,008,137,692651,RUPBASAN KELAS I PEKANBARU,Nilai,100,"87,56",100,60,100,100,100,"94,13",100%,0,"94,13",I A
291,A637415056,A008056637415,008,056,637415,KANTOR PERTANAHAN KAB. PELALAWAN,Nilai,100,"67,25",100,100,100,"89,01",100,"93,99",100%,0,"93,99",I D
292,A430988056,A008056430988,008,056,430988,KANTOR PERTANAHAN KAB. KAMPAR,Nilai,100,"67,41","99,5",100,100,"89,55",100,"93,97",100%,0,"93,97",I D
293,A692819137,A008137692819,008,137,692819,KANTOR IMIGRASI KELAS I TPI PEKANBARU,Nilai,100,"92,68",100,50,100,100,100,"93,9",100%,0,"93,9",I A
294,A691619143,A008143691619,008,143,691619,BALAI PERHUTANAN SOSIAL KAMPAR,Nilai,100,"75,76",88,100,100,"99,3",100,"93,89",100%,0,"93,89",I A
295,A402971005,A008005402971,008,005,402971,PENGADILAN TINGGI AGAMA PEKANBARU,Nilai,100,"84,1",90,0,0,0,100,"65,62",70%,0,"93,74",I B
296,A694084145,A008145694084,008,145,694084,"DINAS PEKERJAAN UMUM, PENATAAN RUANG, PERUMAHAN, KAWASAN PERMUKIMAN DAN PERTANAHAN PROVINSI RIAU",Nilai,100,"71,55",100,0,0,"90,59",100,"74,79",80%,0,"93,49",I B
297,A694271145,A008145694271,008,145,694271,BALAI WILAYAH SUNGAI SUMATERA III,Nilai,100,"76,37","93,62",80,100,"99,92",100,"93,17",100%,0,"93,17",I B
298,A635293025,A008025635293,008,025,635293,KANTOR KEMENTERIAN AGAMA KABUPATEN PELALAWAN,Nilai,100,"67,77","97,97",0,0,"97,59",100,"74,52",80%,0,"93,15",I C
299,A477343005,A008005477343,008,005,477343,PENGADILAN NEGERI SIAK SRI INDRAPURA,Nilai,100,"87,24","99,84",50,100,100,100,"93,05",100%,0,"93,05",I B
300,A635317025,A008025635317,008,025,635317,KANTOR KEMENTERIAN AGAMA KABUPATEN ROKAN HULU,Nilai,100,"68,2","99,21",0,0,0,100,"65,07",70%,0,"92,96",I C
301,A402102005,A008005402102,008,005,402102,PENGADILAN AGAMA BANGKINANG,Nilai,100,"62,34",100,0,0,100,100,"74,35",80%,0,"92,94",I B
302,A691637152,A008152691637,008,152,691637,BALAI PELATIHAN DAN PEMBERDAYAAN MASYARAKAT TRANSMIGRASI PEKANBARU,Nilai,100,"87,73",90,80,"87,5",100,100,"92,91",100%,0,"92,91",I C
303,A402124005,A008005402124,008,005,402124,PENGADILAN AGAMA PASIR PANGARAYAN,Nilai,100,"62,56",100,0,0,"99,3","99,66","74,23",80%,0,"92,79",I B
304,A418121025,A008025418121,008,025,418121,KANTOR KEMENTERIAN AGAMA KOTA PEKANBARU,Nilai,100,"83,35","94,93","63,33",100,"99,38",100,"92,76",100%,0,"92,76",I C
305,A309307025,A008025309307,008,025,309307,MADRASAH TSANAWIYAH NEGERI 1 KOTA PEKANBARU,Nilai,100,"69,95","93,66",0,0,"99,86",100,"74,21",80%,0,"92,76",I C
306,A685564012,A008012685564,008,012,685564,KOREM-031/WB DAM-I/BB,Nilai,100,"78,53","99,95",60,100,"99,94",100,"92,76",100%,0,"92,76",I B
307,A676455025,A008025676455,008,025,676455,MADRASAH TSANAWIYAH NEGERI 1 PELALAWAN,Nilai,100,"71,59","96,51",0,0,"91,14",100,"74,15",80%,0,"92,69",I C
308,A692307137,A008137692307,008,137,692307,BAPAS KELAS I PEKANBARU,Nilai,100,"65,73","95,75",0,0,100,100,"74,01",80%,0,"92,51",I A
309,A640935060,A008060640935,008,060,640935,BIDKEU POLDA RIAU,Nilai,100,"61,61","98,9",0,0,"99,09",100,"73,93",80%,0,"92,41",I D
310,A418127025,A008025418127,008,025,418127,KANTOR KEMENTERIAN AGAMA KOTA PEKANBARU,Nilai,100,"63,42","96,48",0,0,"99,05",100,"73,71",80%,0,"92,14",I C
311,A654315076,A008076654315,008,076,654315,KPU PROVINSI RIAU,Nilai,100,"79,44","85,61",84,100,"95,34",100,"91,97",100%,0,"91,97",I D
312,A418106075,A008075418106,008,075,418106,STASIUN KLIMATOLOGI RIAU,Nilai,100,"64,65",100,80,100,"90,26",100,"91,72",100%,0,"91,72",I B
313,A635296025,A008025635296,008,025,635296,KANTOR KEMENTERIAN AGAMA KABUPATEN PELALAWAN,Nilai,100,"56,79",100,0,0,"96,17",100,"73,14",80%,0,"91,42",I C
314,A662063025,A008025662063,008,025,662063,MADRASAH ALIYAH NEGERI 3 KAMPAR KAB. KAMPAR,Nilai,100,"55,32","99,08",0,0,100,100,"73,11",80%,0,"91,39",I C
315,A635318025,A008025635318,008,025,635318,KANTOR KEMENTERIAN AGAMA KABUPATEN ROKAN HULU,Nilai,100,"61,66","98,29",0,0,0,100,"63,91",70%,0,"91,3",I C
316,A691547146,A008146691547,008,146,691547,PERUMAHAN DAN KAWASAN PERMUKIMAN PROVINSI RIAU,Nilai,100,"94,24","74,96",80,100,0,100,"82,13",90%,0,"91,25",I B
317,A637422056,A008056637422,008,056,637422,KANTOR PERTANAHAN KAB. ROKAN HULU,Nilai,100,"75,51",100,50,100,"98,06",100,"91,13",100%,0,"91,13",I D
318,A635292025,A008025635292,008,025,635292,KANTOR KEMENTERIAN AGAMA KABUPATEN PELALAWAN,Nilai,100,"73,6","94,17","66,67",100,"95,75",100,"91,12",100%,0,"91,12",I C
319,A635334025,A008025635334,008,025,635334,KANTOR KEMENTERIAN AGAMA KABUPATEN SIAK,Nilai,100,"67,23","89,75",0,0,"94,79",100,"72,51",80%,0,"90,64",I C
320,A499522022,A008022499522,008,022,499522,KANTOR UPBU TUANKU TAMBUSAI,Nilai,100,"70,16",100,50,100,"99,92",100,"90,52",100%,0,"90,52",I C
321,A656333076,A008076656333,008,076,656333,KPU KABUPATEN ROKAN HULU,Nilai,100,"68,78","89,44",0,0,"90,34",100,"72,24",80%,0,"90,3",I D
322,A099325032,A008032099325,008,032,099325,DINAS KELAUTAN DAN PERIKANAN PROVINSI RIAU,Nilai,100,"54,55",100,0,0,0,100,"63,18",70%,0,"90,26",I B
323,A635316025,A008025635316,008,025,635316,KANTOR KEMENTERIAN AGAMA KABUPATEN ROKAN HULU,Nilai,100,"64,17","92,06",0,0,"99,99","96,5","72,16",80%,0,"90,2",I C
324,A694700059,A008059694700,008,059,694700,BALAI MONITOR SPEKTRUM FREKUENSI RADIO KELAS I PEKANBARU,Nilai,100,"77,77","86,55",60,100,100,100,"89,98",100%,0,"89,98",I D
325,A694186145,A008145694186,008,145,694186,SNVT PELAKSANAAN JARINGAN PEMANFAATAN AIR SUMATERA III PROVINSI RIAU,Nilai,100,"52,5",100,"76,67",100,"99,87",100,"90,53",100%,"0,75","89,78",I B
326,A418116025,A008025418116,008,025,418116,KANWIL KEMENTERIAN AGAMA PROP. RIAU,Nilai,100,"55,19","92,31",0,0,"99,99",100,"71,74",80%,0,"89,67",I C
327,A691439146,A008146691439,008,146,691439,PERUMAHAN DAN KAWASAN PERMUKIMAN PROVINSI RIAU,Nilai,100,"94,74","76,55",60,100,0,100,"80,52",90%,0,"89,47",I B
328,A567453032,A008032567453,008,032,567453,"STASIUN KARANTINA IKAN, PENGENDALIAN MUTU DAN KEAMANAN HASIL PERIKANAN PEKANBARU",Nilai,100,"66,2","99,37",50,100,"95,96",100,"89,4",100%,0,"89,4",I B
329,A656329076,A008076656329,008,076,656329,KPU KABUPATEN KAMPAR,Nilai,100,"57,72","92,48",0,0,"92,77",100,"71,43",80%,0,"89,29",I D
330,A693757145,A008145693757,008,145,693757,DINAS PEKERJAAN UMUM DAN PENATAAN RUANG PROVINSI RIAU,Nilai,100,"57,81","79,09",100,100,95,100,"88,99",100%,0,"88,99",I B
331,A635320025,A008025635320,008,025,635320,KANTOR KEMENTERIAN AGAMA KABUPATEN ROKAN HULU,Nilai,100,"59,04","87,82",0,0,"96,03",100,"71,02",80%,0,"88,78",I C
332,A418115025,A008025418115,008,025,418115,KANWIL KEMENTERIAN AGAMA PROP. RIAU,Nilai,100,"40,79","99,49",0,0,100,100,"71,02",80%,0,"88,77",I C
333,A635312025,A008025635312,008,025,635312,KANTOR KEMENTERIAN AGAMA KABUPATEN ROKAN HULU,Nilai,100,"41,4",100,0,0,"96,91",100,"70,9",80%,0,"88,63",I C
334,A418112025,A008025418112,008,025,418112,KANWIL KEMENTERIAN AGAMA PROP. RIAU,Nilai,100,"58,17","74,43",100,100,"99,94",100,"88,61",100%,0,"88,61",I C
335,A662991005,A008005662991,008,005,662991,PENGADILAN NEGERI PASIR PANGARAIAN,Nilai,100,"60,93","83,73",0,0,"99,72",100,"70,86",80%,0,"88,57",I B
336,A418152025,A008025418152,008,025,418152,KANTOR KEMENTERIAN AGAMA KAB. KAMPAR,Nilai,100,"63,06","88,61","63,33",100,"99,09",100,"88,42",100%,0,"88,42",I C
337,A693878145,A008145693878,008,145,693878,PELAKSANAAN JALAN NASIONAL WILAYAH II PROVINSI RIAU,Nilai,100,"56,19","81,21",88,100,"99,03",100,"88,37",100%,0,"88,37",I B
338,A691437146,A008146691437,008,146,691437,BALAI PELAKSANA PENYEDIAAN PERUMAHAN DAN KAWASAN PERMUKIMAN SUMATERA III,Nilai,100,"73,53","72,85",0,0,100,100,"70,6",80%,0,"88,25",I B
339,A635294025,A008025635294,008,025,635294,KANTOR KEMENTERIAN AGAMA KABUPATEN PELALAWAN,Nilai,100,"62,57","92,81",0,0,"76,38",100,"70,59",80%,0,"88,23",I C
340,A418118025,A008025418118,008,025,418118,KANWIL KEMENTERIAN AGAMA PROP. RIAU,Nilai,100,"56,34","72,68",100,100,"99,94",100,"87,98",100%,0,"87,98",I C
341,A418117025,A008025418117,008,025,418117,KANWIL KEMENTERIAN AGAMA PROP. RIAU,Nilai,100,"57,66","86,31",0,0,"94,07",100,"70,32",80%,0,"87,9",I C
342,A656312076,A008076656312,008,076,656312,KPU KABUPATEN S I A K,Nilai,100,"59,28","72,99",0,100,"97,26",100,"78,22",90%,0,"86,91",I D
343,A676462025,A008025676462,008,025,676462,MADRASAH TSANAWIYAH NEGERI 7 KAMPAR KAB. KAMPAR,Nilai,100,"86,48","97,62",0,0,100,65,"68,75",80%,0,"85,93",I C
344,A694184145,A008145694184,008,145,694184,SNVT PELAKSANAAN JARINGAN SUMBER AIR SUMATERA III PROVINSI RIAU,Nilai,100,"79,09","76,9",0,0,"99,39",86,"68,68",80%,0,"85,85",I B
345,A691545146,A008146691545,008,146,691545,BALAI PELAKSANA PENYEDIAAN PERUMAHAN DAN KAWASAN PERMUKIMAN SUMATERA III,Nilai,100,"65,52","68,49",0,0,100,100,"68,53",80%,0,"85,66",I B
346,A691285145,A008145691285,008,145,691285,PELAKSANAAN PRASARANA STRATEGIS RIAU,Nilai,100,"52,67","75,8","73,33",100,"95,28",100,"84,92",100%,0,"84,92",I B
347,A099317018,A008018099317,008,018,099317,DINAS PETERNAKAN DAN KESEHATAN HEWAN PROVINSI RIAU,Nilai,100,"64,99","63,55",0,0,100,100,"67,46",80%,0,"84,32",I B
348,A099322018,A008018099322,008,018,099322,"DINAS PANGAN, TANAMAN PANGAN DAN HORTIKULTURA PROVINSI RIAU",Nilai,100,"43,51","86,97",0,0,"84,11",100,"67,33",80%,0,"84,16",I B
349,A691597146,A008146691597,008,146,691597,BALAI PELAKSANA PENYEDIAAN PERUMAHAN DAN KAWASAN PERMUKIMAN SUMATERA III,Nilai,100,"82,92","51,47",0,0,"94,3",100,"67,16",80%,0,"83,95",I B
350,A691385146,A008146691385,008,146,691385,PERUMAHAN DAN KAWASAN PERMUKIMAN PROVINSI RIAU,Nilai,100,"55,46","65,67",0,0,100,100,"66,45",80%,0,"83,07",I B
351,A691491146,A008146691491,008,146,691491,BALAI PELAKSANA PENYEDIAAN PERUMAHAN DAN KAWASAN PERMUKIMAN SUMATERA III,Nilai,100,"70,8","53,63",0,0,100,100,"66,35",80%,0,"82,93",I B
352,A691493146,A008146691493,008,146,691493,PERUMAHAN DAN KAWASAN PERMUKIMAN PROVINSI RIAU,Nilai,100,"67,25","64,14",0,0,0,100,"57,92",70%,0,"82,74",I B
353,A418114025,A008025418114,008,025,418114,KANWIL KEMENTERIAN AGAMA PROP. RIAU,Nilai,100,"46,41","96,72",0,0,"99,07","78,13","65,74",80%,0,"82,18",I C
354,A656361076,A008076656361,008,076,656361,KPU KOTA PEKANBARU,Nilai,100,"76,41","85,75",0,0,"75,24","76,67","65,3",80%,0,"81,63",I D
355,A090018092,A008092090018,008,092,090018,DINAS KEPEMUDAAN DAN OLAH RAGA PROV. RIAU,Nilai,100,"47,33","56,54",100,100,0,100,"73,41",90%,0,"81,56",I D
356,A691383146,A008146691383,008,146,691383,BALAI PELAKSANA PENYEDIAAN PERUMAHAN DAN KAWASAN PERMUKIMAN SUMATERA III,Nilai,100,"62,62","58,07",50,100,"97,93",100,"80,8",100%,0,"80,8",I B
357,A694503149,A008149694503,008,149,694503,"DINAS PERINDUSTRIAN, PERDAGANGAN, KOPERASI, USAHA KECIL DAN MENENGAH PROVINSI RIAU",Nilai,100,"65,98",50,50,100,100,100,"79,9",100%,0,"79,9",I D
358,A099271018,A008018099271,008,018,099271,"DINAS PANGAN, TANAMAN PANGAN DAN HORTIKULTURA PROVINSI RIAU",Nilai,100,"33,51","67,79",0,0,"97,7",100,"63,35",80%,0,"79,19",I B
359,A656308076,A008076656308,008,076,656308,KPU KABUPATEN PELALAWAN,Nilai,100,"68,96","78,04","63,33",100,"80,99",72,"78,38",100%,0,"78,38",I D
360,A099314018,A008018099314,008,018,099314,"DINAS PANGAN, TANAMAN PANGAN DAN HORTIKULTURA PROVINSI RIAU",Nilai,100,"28,64","64,2",0,0,100,100,"62,14",80%,0,"77,67",I B
361,A650655060,A008060650655,008,060,650655,BID TIK POLDA RIAU,Nilai,100,"72,11","97,86",100,100,"95,16",30,"77,4",100%,0,"77,4",I D
362,A537852015,A008015537852,008,015,537852,KANTOR PELAYANAN KEKAYAAN NEGARA DAN LELANG PEKANBARU,Nilai,100,100,100,100,100,100,0,75,100%,0,75,I D
363,A574242025,A008025574242,008,025,574242,MADRASAH TSANAWIYAH NEGERI 4 KAMPAR KAB. KAMPAR,Nilai,100,"83,86",100,0,0,"94,03",30,"59,48",80%,0,"74,35",I C
364,A418111025,A008025418111,008,025,418111,KANWIL KEMENTERIAN AGAMA PROP. RIAU,Nilai,100,"89,88",100,"93,33",100,100,0,"72,82",100%,0,"72,82",I C
365,A674331025,A008025674331,008,025,674331,MADRASAH TSANAWIYAH NEGERI 2 PEKANBARU KOTA PEKANBARU,Nilai,100,"68,47",100,0,0,"99,94",30,"57,76",80%,0,"72,21",I C
366,A099438010,A008010099438,008,010,099438,SEKRETARIAT DAERAH PROVINSI RIAU,Nilai,100,"72,73",100,0,0,0,30,"48,41",70%,0,"69,16",I B
367,A694611151,A008151694611,008,151,694611,BALAI PELATIHAN DAN PEMBERDAYAAN MASYARAKAT DESA DAN DAERAH TERTINGGAL PEKANBARU,Nilai,100,"42,97","96,49",100,100,100,0,"65,74",100%,0,"65,74",I C
368,A344820012,A008012344820,008,012,344820,LANUD ROESMIN NURJADIN,Nilai,100,"82,95","99,99",0,0,"99,58",0,"52,4",80%,0,"65,5",I B
369,A690527025,A008025690527,008,025,690527,LOKA PENDIDIKAN DAN PELATIHAN KEAGAMAAN PEKANBARU,Nilai,100,"53,28","82,91",100,100,"99,9",0,"64,56",100%,0,"64,56",I C
370,A676434025,A008025676434,008,025,676434,MADRASAH TSANAWIYAH NEGERI 4 ROKAN HULU KAB. ROKAN HULU,Nilai,100,"42,56",100,0,0,0,30,"43,88",70%,0,"62,69",I C
371,A690707125,A008125690707,008,125,690707,"DINAS PANGAN, TANAMAN PANGAN DAN HORTIKULTURA PROVINSI RIAU",Nilai,100,"60,08","96,06",0,0,"95,55",0,"47,78",80%,0,"59,72",I B
372,A099035018,A008018099035,008,018,099035,"DINAS PANGAN, TANAMAN PANGAN DAN HORTIKULTURA PROVINSI RIAU",Nilai,100,"63,9","93,11",0,0,"91,75",0,"47,38",80%,0,"59,23",I B
373,A574214025,A008025574214,008,025,574214,MADRASAH TSANAWIYAH NEGERI 3 ROKAN HULU KAB. ROKAN HULU,Nilai,100,"50,83","95,01",0,0,100,0,"46,63",80%,0,"58,28",I C
374,A679415060,A008060679415,008,060,679415,RUMKIT BHAYANGKARA PEKANBARU,Nilai,100,"66,53","81,14",100,100,0,0,"39,98",70%,0,"57,11",I D
375,A424157025,A008025424157,008,025,424157,UIN SULTHAN SYARIF KASIM RIAU,Nilai,100,"64,08","99,02",100,100,0,0,"39,61",70%,0,"56,59",I C
376,A099436018,A008018099436,008,018,099436,"DINAS PANGAN, TANAMAN PANGAN DAN HORTIKULTURA PROVINSI RIAU",Nilai,100,"43,46",75,0,0,"98,94",0,"41,41",80%,0,"51,77",I B
377,A691329018,A008018691329,008,018,691329,"DINAS PANGAN, TANAMAN PANGAN DAN HORTIKULTURA PROVINSI RIAU",Nilai,100,60,"42,63",100,"51,85",100,0,"52,71",100%,1,"51,71",I B
378,A691645152,A008152691645,008,152,691645,DINAS TENAGA KERJA DAN TRANSMIGRASI PROVINSI RIAU,Nilai,100,75,50,0,0,0,0,"31,25",70%,0,"44,64",I C
379,A575905025,A092025575905,092,025,575905,MADRASAH ALIYAH NEGERI 1 INDRAGIRI HULU KAB. INDRAGIRI HULU,Nilai,100,100,100,0,0,100,100,80,80%,0,100,I A
380,A692312137,A092137692312,092,137,692312,RUTAN KELAS II B RENGAT,Nilai,100,100,100,100,100,100,100,100,100%,0,100,I A
381,A636981054,A092054636981,092,054,636981,BADAN PUSAT STATISTIK KAB. KUANTAN SINGINGI,Nilai,100,100,100,100,100,100,100,100,100%,0,100,I D
382,A410568015,A092015410568,092,015,410568,KANTOR PELAYANAN PAJAK PRATAMA RENGAT,Nilai,100,100,100,100,100,100,100,100,100%,0,100,I D
383,A098860005,A092005098860,092,005,098860,PENGADILAN NEGERI RENGAT/INDRAGIRI,Nilai,100,100,100,0,0,100,100,80,80%,0,100,I B
384,A098874005,A092005098874,092,005,098874,PENGADILAN NEGERI TEMBILAHAN,Nilai,100,100,100,0,0,100,100,80,80%,0,100,I B
385,A099217005,A092005099217,092,005,099217,PENGADILAN NEGERI TEMBILAHAN,Nilai,100,100,100,0,0,"99,98",100,80,80%,0,100,I B
386,A668927015,A092015668927,092,015,668927,KANTOR PENGAWASAN DAN PELAYANAN BC TEMBILAHAN,Nilai,100,100,100,0,0,100,100,80,80%,0,100,I D
387,A403403005,A092005403403,092,005,403403,PENGADILAN AGAMA TELUK KUANTAN,Nilai,100,100,100,0,0,100,100,80,80%,0,100,I B
388,A428114054,A092054428114,092,054,428114,BADAN PUSAT STATISTIK KAB. INDRAGIRI HULU,Nilai,100,100,100,100,100,100,100,100,100%,0,100,I D
389,A692314137,A092137692314,092,137,692314,LAPAS KELAS II B TELUK KUANTAN,Nilai,100,100,"99,96",100,100,100,100,"99,99",100%,0,"99,99",I A
390,A641000060,A092060641000,092,060,641000,POLRES INDRAGIRI HILIR,Nilai,100,100,100,100,100,"99,8",100,"99,98",100%,0,"99,98",I D
391,A654819060,A092060654819,092,060,654819,POLRES KUANTAN SINGINGI,Nilai,100,"94,76",100,100,100,100,100,"99,21",100%,0,"99,21",I D
392,A401938005,A092005401938,092,005,401938,PENGADILAN AGAMA TELUK KUANTAN,Nilai,100,"93,63",100,100,100,100,100,"99,04",100%,0,"99,04",I B
393,A527865015,A092015527865,092,015,527865,KANTOR PELAYANAN PERBENDAHARAAN NEGARA RENGAT,Nilai,100,"94,78",100,0,0,"99,94",100,"79,21",80%,0,"99,01",I D
394,A428120054,A092054428120,092,054,428120,BADAN PUSAT STATISTIK KAB. INDRAGIRI HILIR,Nilai,100,"92,71",100,96,100,100,100,"98,51",100%,0,"98,51",I D
395,A402097005,A092005402097,092,005,402097,PENGADILAN AGAMA TEMBILAHAN,Nilai,100,"92,98","98,85",0,0,"99,94",100,"78,71",80%,0,"98,39",I B
396,A091236066,A092066091236,092,066,091236,BADAN NARKOTIKA NASIONAL KABUPATEN KUANTAN SINGINGI,Nilai,100,"89,09",100,100,100,"99,68",100,"98,33",100%,0,"98,33",I C
397,A402081005,A092005402081,092,005,402081,PENGADILAN AGAMA RENGAT,Nilai,100,"92,71","96,06",0,100,100,100,"88,12",90%,0,"97,91",I B
398,A692859137,A092137692859,092,137,692859,KANTOR IMIGRASI KELAS II TPI TEMBILAHAN,Nilai,100,"85,7",100,100,100,100,100,"97,86",100%,0,"97,86",I A
399,A006927006,A092006006927,092,006,006927,KEJAKSAAN NEGERI KUANTAN SINGINGI,Nilai,100,"86,65",100,100,100,"97,96",100,"97,79",100%,0,"97,79",I C
400,A099216005,A092005099216,092,005,099216,PENGADILAN NEGERI RENGAT/INDRAGIRI,Nilai,100,"87,94",100,0,0,"98,7",100,"78,06",80%,0,"97,58",I B
401,A418173025,A092025418173,092,025,418173,KANTOR KEMENTERIAN AGAMA KAB. INDRAGIRI HILIR,Nilai,100,"84,12","99,91",100,100,"96,28",100,"97,23",100%,0,"97,23",I A
402,A675048025,A092025675048,092,025,675048,MADRASAH ALIYAH NEGERI 2 KUANTAN SINGINGI KAB. KUANTAN SINGINGI,Nilai,100,"84,89",100,0,0,100,100,"77,73",80%,0,"97,17",I A
403,A418169025,A092025418169,092,025,418169,KANTOR KEMENTERIAN AGAMA KAB. INDRAGIRI HULU,Nilai,100,"80,78",100,100,100,100,100,"97,12",100%,0,"97,12",I A
404,A402016005,A092005402016,092,005,402016,PENGADILAN NEGERI TELUK KUANTAN,Nilai,100,"82,7",100,0,0,"99,75",100,"77,38",80%,0,"96,73",I B
405,A640960060,A092060640960,092,060,640960,POLRES INDRAGIRI HULU,Nilai,100,"78,1",100,100,100,100,100,"96,72",100%,0,"96,72",I D
406,A424936025,A092025424936,092,025,424936,MADRASAH TSANAWIYAH NEGERI 2 INDRAGIRI HILIR KAB. INDRAGIRI HILIR,Nilai,100,"83,85","98,88",0,0,100,100,"77,35",80%,0,"96,69",I A
407,A693646143,A092143693646,092,143,693646,BALAI TAMAN NASIONAL BUKIT TIGA PULUH,Nilai,100,"86,16","98,18","93,33",100,"97,12",100,"96,61",100%,0,"96,61",I A
408,A415768024,A092024415768,092,024,415768,BALAI KEKARANTINAAN KESEHATAN KELAS II TEMBILAHAN,Nilai,100,"86,02",100,100,100,"86,83",100,"96,59",100%,0,"96,59",I C
409,A402098005,A092005402098,092,005,402098,PENGADILAN AGAMA TEMBILAHAN,Nilai,100,"82,41",100,0,0,"98,53",100,"77,21",80%,0,"96,52",I B
410,A418176025,A092025418176,092,025,418176,KANTOR KEMENTERIAN AGAMA KAB. INDRAGIRI HILIR,Nilai,100,"82,4","99,42",0,0,"98,85",100,"77,13",80%,0,"96,41",I A
411,A690484063,A092063690484,092,063,690484,BALAI POM DI INDRAGIRI HULU,Nilai,100,"74,78",100,100,100,"99,96",100,"96,21",100%,0,"96,21",I B
412,A521552022,A092022521552,092,022,521552,UNIT PENYELENGGARA PELABUHAN KUALA GAUNG,Nilai,100,"78,51",100,0,100,"97,98",100,"86,57",90%,0,"96,19",I C
413,A635343025,A092025635343,092,025,635343,KANTOR KEMENTERIAN AGAMA KABUPATEN KUANTAN SINGINGI,Nilai,100,"81,68",100,0,0,0,100,"67,25",70%,0,"96,07",I A
414,A419768115,A092115419768,092,115,419768,SEKRETARIAT BAWASLU KABUPATEN INDRAGIRI HILIR,Nilai,100,"79,2",100,0,0,"99,77",100,"76,86",80%,0,"96,07",I D
415,A418172025,A092025418172,092,025,418172,KANTOR KEMENTERIAN AGAMA KAB. INDRAGIRI HULU,Nilai,100,"81,99","99,56",0,0,0,100,"67,21",70%,0,"96,02",I A
416,A437049075,A092075437049,092,075,437049,STASIUN METEOROLOGI JAPURA,Nilai,100,"83,98","97,1",0,0,"96,82",100,"76,7",80%,0,"95,87",I B
417,A418167025,A092025418167,092,025,418167,KANTOR KEMENTERIAN AGAMA KAB. INDRAGIRI HULU,Nilai,100,"76,78","99,99",0,0,"99,95",100,"76,51",80%,0,"95,64",I A
418,A006859006,A092006006859,092,006,006859,KEJAKSAAN NEGERI INDRAGIRI HILIR,Nilai,100,"76,84","99,12",100,100,"99,94","96,96","95,58",100%,0,"95,58",I C
419,A402082005,A092005402082,092,005,402082,PENGADILAN AGAMA RENGAT,Nilai,100,"75,88",100,0,0,100,100,"76,38",80%,0,"95,48",I B
420,A424172025,A092025424172,092,025,424172,MADRASAH ALIYAH NEGERI 1 INDRAGIRI HILIR KAB. INDRAGIRI HILIR,Nilai,100,"76,57","99,5",0,0,"99,87",100,"76,37",80%,0,"95,47",I A
421,A553040025,A092025553040,092,025,553040,MADRASAH TSANAWIYAH NEGERI 1 KUANTAN SINGINGI KAB. KUANTAN SINGINGI,Nilai,100,"75,59",100,0,0,100,100,"76,34",80%,0,"95,42",I A
422,A575890025,A092025575890,092,025,575890,MADRASAH ALIYAH NEGERI 1 KUANTAN SINGINGI KAB. KUANTAN SINGINGI,Nilai,100,"79,31","97,29",0,0,"98,88",100,"76,24",80%,0,"95,3",I A
423,A635340025,A092025635340,092,025,635340,KANTOR KEMENTERIAN AGAMA KABUPATEN KUANTAN SINGINGI,Nilai,100,"73,43",100,0,0,"99,71",100,"75,99",80%,0,"94,98",I A
424,A288241022,A092022288241,092,022,288241,KANTOR UPBU JAPURA,Nilai,100,"67,12",100,100,100,"99,16",100,"94,98",100%,0,"94,98",I C
425,A431008056,A092056431008,092,056,431008,KANTOR PERTANAHAN KAB. INDRAGIRI HULU,Nilai,100,"70,85",100,"93,33",100,"93,61",100,"94,32",100%,0,"94,32",I D
426,A431014056,A092056431014,092,056,431014,KANTOR PERTANAHAN KAB. INDRAGIRI HILIR,Nilai,100,"74,23","99,39",84,100,"97,68",100,"94,18",100%,0,"94,18",I D
427,A420028025,A092025420028,092,025,420028,MADRASAH TSANAWIYAH NEGERI 4 KUANTAN SINGINGI,Nilai,100,"76,78","94,17",0,0,"99,91",100,"75,34",80%,0,"94,18",I A
428,A401908005,A092005401908,092,005,401908,PENGADILAN NEGERI TELUK KUANTAN,Nilai,100,"84,96",100,"63,33",100,"96,74",100,"93,75",100%,0,"93,75",I B
429,A418174025,A092025418174,092,025,418174,KANTOR KEMENTERIAN AGAMA KAB. INDRAGIRI HULU,Nilai,100,"74,82","99,58",0,0,"87,96",100,"74,94",80%,0,"93,67",I A
430,A635342025,A092025635342,092,025,635342,KANTOR KEMENTERIAN AGAMA KABUPATEN KUANTAN SINGINGI,Nilai,100,"74,83","93,27",0,0,100,100,"74,88",80%,0,"93,6",I A
431,A656290076,A092076656290,092,076,656290,KPU KABUPATEN INDRAGIRI HILIR,Nilai,100,"75,66","92,39",0,0,"96,11",100,"74,44",80%,0,"93,05",I D
432,A418179025,A092025418179,092,025,418179,KANTOR KEMENTERIAN AGAMA KAB. INDRAGIRI HILIR,Nilai,100,"60,81",100,0,0,"99,61",100,"74,08",80%,0,"92,6",I A
433,A418175025,A092025418175,092,025,418175,KANTOR KEMENTERIAN AGAMA KAB. INDRAGIRI HILIR,Nilai,100,"76,96","94,06","66,67",100,"99,55",100,"91,98",100%,0,"91,98",I A
434,A635341025,A092025635341,092,025,635341,KANTOR KEMENTERIAN AGAMA KABUPATEN KUANTAN SINGINGI,Nilai,100,"85,59","91,43","63,33",100,"93,75",100,"91,83",100%,0,"91,83",I A
435,A656272076,A092076656272,092,076,656272,KPU KABUPATEN KUANTAN SINGINGI,Nilai,100,"64,76","90,9",0,0,"98,07",100,"72,7",80%,0,"90,88",I D
436,A418168025,A092025418168,092,025,418168,KANTOR KEMENTERIAN AGAMA KAB. INDRAGIRI HULU,Nilai,100,"69,49","94,62","63,33",100,"98,42",100,"90,52",100%,0,"90,52",I A
437,A006842006,A092006006842,092,006,006842,KEJAKSAAN NEGERI INDRAGIRI HULU,Nilai,100,"76,56",100,100,100,"99,73","69,56","88,85",100%,0,"88,85",I C
438,A521548022,A092022521548,092,022,521548,KANTOR KESYAHBANDARAN DAN OTORITAS PELABUHAN KUALA ENOK,Nilai,100,"66,64",100,80,100,"90,31",86,"88,53",100%,0,"88,53",I C
439,A413143022,A092022413143,092,022,413143,KANTOR KESYAHBANDARAN DAN OTORITAS PELABUHAN KUALA CINAKU,Nilai,100,"84,19","99,99",0,100,"94,54",58,"76,58",90%,0,"85,09",I C
440,A662059025,A092025662059,092,025,662059,MADRASAH ALIYAH NEGERI 3 INDRAGIRI HILIR KAB. INDRAGIRI HILIR,Nilai,100,"76,36",100,0,0,100,65,"67,7",80%,0,"84,63",I A
441,A420027025,A092025420027,092,025,420027,MADRASAH TSANAWIYAH NEGERI 3 KUANTAN SINGINGI,Nilai,100,"79,29","99,62",0,0,"96,17",65,"67,68",80%,0,"84,61",I A
442,A661143025,A092025661143,092,025,661143,MADRASAH TSANAWIYAH NEGERI 2 KUANTAN SINGINGI KAB. KUANTAN SINGINGI,Nilai,100,"77,67",100,0,0,"97,73",65,"67,67",80%,0,"84,59",I A
443,A637478056,A092056637478,092,056,637478,KANTOR PERTANAHAN KAB. KUANTAN SANGINGI,Nilai,100,"67,17","78,09",50,100,"98,78","88,17","82,61",100%,0,"82,61",I D
444,A656286076,A092076656286,092,076,656286,KPU KABUPATEN INDRAGIRI HULU,Nilai,100,"62,76",90,0,100,"98,25","47,5","69,11",90%,0,"76,79",I D
445,A559250022,A092022559250,092,022,559250,UNIT PENYELENGGARA PELABUHAN SUNGAI GUNTUNG,Nilai,100,"62,53","89,86",98,100,"98,87","38,75","76,73",100%,0,"76,73",I C
446,A553078025,A092025553078,092,025,553078,MADRASAH TSANAWIYAH NEGERI 3 INDRAGIRI HILIR KAB. INDRAGIRI HILIR,Nilai,100,"80,66","96,34",0,0,"96,84","39,55","60,94",80%,0,"76,17",I A
447,A692313137,A092137692313,092,137,692313,LAPAS KELAS II A TEMBILAHAN,Nilai,100,"93,14",100,100,100,100,0,"73,97",100%,0,"73,97",I A
448,A413152022,A092022413152,092,022,413152,KANTOR KESYAHBANDARAN DAN OTORITAS PELABUHAN TEMBILAHAN,Nilai,100,"76,04",100,"93,33",100,"97,97",0,"70,54",100%,0,"70,54",I C
449,A692676137,A092137692676,092,137,692676,RUPBASAN KELAS II RENGAT,Nilai,100,"78,92","91,83",100,100,"97,22",0,"69,93",100%,0,"69,93",I A
450,A554120025,A092025554120,092,025,554120,MADRASAH ALIYAH NEGERI 2 INDRAGIRI HILIR KAB. INDRAGIRI HILIR,Nilai,100,"74,85","98,25",0,0,"96,77",0,"50,55",80%,0,"63,19",I A
451,A635344025,A092025635344,092,025,635344,KANTOR KEMENTERIAN AGAMA KABUPATEN KUANTAN SINGINGI,Nilai,100,"66,83","97,73",0,0,"99,33",0,"49,5",80%,0,"61,88",I A
452,A553001025,A092025553001,092,025,553001,MADRASAH TSANAWIYAH NEGERI 1 INDRAGIRI HULU KAB. INDRAGIRI HULU,Nilai,100,"70,12","91,33",0,0,"99,45",0,"48,73",80%,0,"60,91",I A
453,A553022025,A092025553022,092,025,553022,MADRASAH TSANAWIYAH NEGERI 1 INDRAGIRI HILIR KAB. INDRAGIRI HILIR,Nilai,100,"74,19",100,0,0,0,0,"41,13",70%,0,"58,76",I A